<application>
  <component name="LocalDatabaseDriverManager" version="201">
    <driver id="sqlserver.ms">
      <artifact id="SQL Server" name="SQL Server" use="true" version="10.2.0" />
    </driver>
    <driver id="mysql.8">
      <artifact />
      <artifact id="MySQL ConnectorJ" name="MySQL ConnectorJ" use="true" version="8.0.25" />
    </driver>
    <driver id="oracle.19">
      <artifact id="Oracle" name="Oracle" use="true" version="21.1.0.0" />
    </driver>
    <driver id="oracle">
      <artifact id="Oracle" name="Oracle" use="true" version="11.2.0.4" />
    </driver>
    <driver id="postgresql">
      <artifact id="PostgreSQL" name="PostgreSQL" use="true" version="42.5.0" />
    </driver>
    <driver id="java.sql.Driver" name="User Driver" driver-class="java.sql.Driver" />
  </component>
</application>