<application>
  <component name="SettingsSyncPlugins">
    <option name="plugins">
      <map>
        <entry key="AntSupport">
          <value>
            <PluginData>
              <option name="dependencies">
                <set>
                  <option value="com.intellij.modules.java" />
                  <option value="com.intellij.properties" />
                </set>
              </option>
              <option name="enabled" value="false" />
            </PluginData>
          </value>
        </entry>
        <entry key="GenerateSerialVersionUID">
          <value>
            <PluginData>
              <option name="dependencies">
                <set>
                  <option value="com.intellij.modules.java" />
                  <option value="com.intellij.modules.lang" />
                </set>
              </option>
            </PluginData>
          </value>
        </entry>
        <entry key="GrepConsole">
          <value>
            <PluginData>
              <option name="dependencies">
                <set>
                  <option value="com.intellij.modules.lang" />
                </set>
              </option>
              <option name="enabled" value="false" />
            </PluginData>
          </value>
        </entry>
        <entry key="HighlightBracketPair">
          <value>
            <PluginData>
              <option name="dependencies">
                <set>
                  <option value="com.intellij.modules.lang" />
                </set>
              </option>
              <option name="enabled" value="false" />
            </PluginData>
          </value>
        </entry>
        <entry key="MetricsReloaded">
          <value>
            <PluginData>
              <option name="dependencies">
                <set>
                  <option value="com.intellij.modules.lang" />
                </set>
              </option>
            </PluginData>
          </value>
        </entry>
        <entry key="Statistic">
          <value>
            <PluginData>
              <option name="dependencies">
                <set>
                  <option value="com.intellij.modules.lang" />
                </set>
              </option>
            </PluginData>
          </value>
        </entry>
        <entry key="cn.yiiguxing.plugin.translate">
          <value>
            <PluginData />
          </value>
        </entry>
        <entry key="com.github.kisstkondoros.codemetrics">
          <value>
            <PluginData>
              <option name="dependencies">
                <set>
                  <option value="com.intellij.modules.java" />
                </set>
              </option>
            </PluginData>
          </value>
        </entry>
        <entry key="com.intellij.ja">
          <value>
            <PluginData>
              <option name="dependencies">
                <set>
                  <option value="com.intellij.modules.platform" />
                </set>
              </option>
              <option name="enabled" value="false" />
            </PluginData>
          </value>
        </entry>
        <entry key="com.intellij.plugins.watcher">
          <value>
            <PluginData>
              <option name="enabled" value="false" />
            </PluginData>
          </value>
        </entry>
        <entry key="com.intellij.resin">
          <value>
            <PluginData>
              <option name="dependencies">
                <set>
                  <option value="com.intellij.javaee" />
                  <option value="com.intellij.javaee.app.servers.integration" />
                  <option value="com.intellij.modules.java" />
                  <option value="com.intellij.modules.ultimate" />
                </set>
              </option>
              <option name="enabled" value="false" />
            </PluginData>
          </value>
        </entry>
        <entry key="com.mallowigi">
          <value>
            <PluginData>
              <option name="dependencies">
                <set>
                  <option value="com.intellij.modules.platform" />
                </set>
              </option>
              <option name="enabled" value="false" />
            </PluginData>
          </value>
        </entry>
        <entry key="com.markskelton.one-dark-theme">
          <value>
            <PluginData>
              <option name="dependencies">
                <set>
                  <option value="com.intellij.modules.platform" />
                </set>
              </option>
            </PluginData>
          </value>
        </entry>
        <entry key="com.pinkfloyded.idea-file-path-autocomplete.idea-file-path-autocomplete">
          <value>
            <PluginData>
              <option name="dependencies">
                <set>
                  <option value="com.intellij.modules.lang" />
                </set>
              </option>
            </PluginData>
          </value>
        </entry>
        <entry key="indent-rainbow.indent-rainbow">
          <value>
            <PluginData>
              <option name="dependencies">
                <set>
                  <option value="com.intellij.modules.lang" />
                </set>
              </option>
            </PluginData>
          </value>
        </entry>
        <entry key="izhangzhihao.rainbow.brackets">
          <value>
            <PluginData>
              <option name="dependencies">
                <set>
                  <option value="com.intellij.modules.lang" />
                </set>
              </option>
            </PluginData>
          </value>
        </entry>
        <entry key="kimzo.BacklogPlugin">
          <value>
            <PluginData>
              <option name="dependencies">
                <set>
                  <option value="Git4Idea" />
                  <option value="com.intellij.modules.platform" />
                </set>
              </option>
            </PluginData>
          </value>
        </entry>
        <entry key="mobi.hsz.idea.gitignore">
          <value>
            <PluginData>
              <option name="dependencies">
                <set>
                  <option value="com.intellij.modules.lang" />
                  <option value="com.intellij.modules.vcs" />
                </set>
              </option>
            </PluginData>
          </value>
        </entry>
        <entry key="net.seesharpsoft.intellij.plugins.csv">
          <value>
            <PluginData>
              <option name="dependencies">
                <set>
                  <option value="com.intellij.modules.lang" />
                </set>
              </option>
            </PluginData>
          </value>
        </entry>
        <entry key="org.intellij.scala">
          <value>
            <PluginData>
              <option name="dependencies">
                <set>
                  <option value="com.intellij.modules.java" />
                </set>
              </option>
              <option name="enabled" value="false" />
            </PluginData>
          </value>
        </entry>
        <entry key="org.jetbrains.plugins.go">
          <value>
            <PluginData>
              <option name="enabled" value="false" />
            </PluginData>
          </value>
        </entry>
        <entry key="org.jetbrains.plugins.go-template">
          <value>
            <PluginData>
              <option name="enabled" value="false" />
            </PluginData>
          </value>
        </entry>
        <entry key="org.jetbrains.plugins.vue">
          <value>
            <PluginData>
              <option name="enabled" value="false" />
            </PluginData>
          </value>
        </entry>
        <entry key="org.rust.lang">
          <value>
            <PluginData>
              <option name="dependencies">
                <set>
                  <option value="com.intellij.modules.lang" />
                  <option value="org.toml.lang" />
                </set>
              </option>
              <option name="enabled" value="false" />
            </PluginData>
          </value>
        </entry>
        <entry key="zielu.gittoolbox">
          <value>
            <PluginData>
              <option name="dependencies">
                <set>
                  <option value="Git4Idea" />
                  <option value="com.intellij.modules.platform" />
                </set>
              </option>
            </PluginData>
          </value>
        </entry>
      </map>
    </option>
  </component>
</application>