<application>
  <component name="DependencyUISettings">
    <option name="SCOPE_TYPE" value="file" />
  </component>
  <component name="UISettings">
    <option name="compactTreeIndents" value="true" />
    <option name="EDITOR_TAB_LIMIT" value="25" />
    <option name="MARK_MODIFIED_TABS_WITH_ASTERISK" value="true" />
    <option name="OVERRIDE_NONIDEA_LAF_FONTS" value="true" />
    <option name="SHOW_INPLACE_COMMENTS" value="true" />
    <option name="SHOW_MAIN_TOOLBAR" value="true" />
    <option name="showTreeIndentGuides" value="true" />
  </component>
</application>